time,x,y,z
1669191292.775015, -0.002137, -0.002553, 0.011000
1669191293.776109, -0.003406, -0.006785, 0.010000
1669191294.777935, -0.073656, -0.039255, 0.009000
1669191295.777138, -0.179741, -0.103298, 0.009000
1669191296.778401, -0.303555, -0.180911, -0.002000
1669191297.778218, -0.461742, -0.256833, 0.007000
1669191298.777684, -0.724403, -0.398859, 0.006000
1669191299.777245, -1.022826, -0.559328, 0.006000
1669191300.776743, -1.322092, -0.716639, -0.013000
1669191301.777600, -1.692937, -0.914165, -0.014000
1669191302.778114, -2.055560, -1.103138, -0.009000
1669191303.779548, -2.438791, -1.307852, -0.014000
1669191304.779475, -2.810355, -1.530148, -0.004000
1669191305.779563, -3.246590, -1.791112, -0.011000
1669191306.781242, -3.696541, -2.075886, -0.002000
1669191307.781691, -4.153265, -2.336687, -0.005000
1669191308.779189, -4.593349, -2.604059, -0.024000
1669191309.780378, -5.043597, -2.871073, -0.003000
1669191310.780134, -5.503784, -3.150865, -0.034000
1669191311.780181, -5.946176, -3.413204, -0.025000
1669191312.780479, -6.393534, -3.686185, -0.019000
1669191313.782842, -6.857053, -3.950755, -0.020000
1669191314.782696, -7.343526, -4.166481, -0.012000
1669191315.782867, -7.852949, -4.315422, -0.029000
1669191316.782058, -8.363786, -4.459531, -0.040000
1669191317.779415, -8.953717, -4.672579, -0.034000
1669191318.783086, -9.609920, -4.868599, -0.061000
1669191319.783028, -10.221791, -5.069993, -0.060000
1669191320.783038, -10.926856, -5.236703, -0.064000
1669191321.780501, -11.568480, -5.366759, -0.057000
1669191322.780601, -12.284010, -5.541984, -0.066000
1669191323.781508, -13.106526, -5.728527, -0.086000
1669191324.781460, -13.934401, -5.834159, -0.108000
1669191325.780928, -14.750870, -5.910947, -0.114000
1669191326.781109, -15.566355, -5.903233, -0.139000
1669191327.782164, -16.400575, -5.862465, -0.142000
1669191328.783257, -17.209566, -5.806959, -0.149000
1669191329.781299, -18.016979, -5.693593, -0.135000
1669191330.785491, -18.842692, -5.530351, -0.212000
1669191331.785032, -19.635022, -5.356578, -0.194000
1669191332.787962, -20.406599, -5.096787, -0.216000
1669191333.787673, -21.168074, -4.841051, -0.219000
1669191334.788640, -21.903755, -4.519542, -0.234000
1669191335.786575, -22.640352, -4.110908, -0.250000
1669191336.789609, -23.278343, -3.646983, -0.231000
1669191337.788557, -23.894736, -3.100198, -0.234000
1669191338.787724, -24.441480, -2.485794, -0.237000
1669191339.791118, -24.939130, -1.816368, -0.232000
1669191340.786845, -25.347416, -1.107584, -0.211000
1669191341.786824, -25.667156, -0.363496, -0.187000
1669191342.787957, -25.893385, 0.426353, -0.205000
1669191343.787222, -26.047621, 1.227928, -0.185000
1669191344.787339, -26.171411, 2.052105, -0.196000
1669191345.787244, -26.279362, 2.848827, -0.179000
1669191346.788258, -26.382591, 3.677095, -0.169000
1669191347.788675, -26.470917, 4.502151, -0.173000
1669191348.787257, -26.484477, 5.334817, -0.173000
1669191349.786672, -26.394514, 6.168688, -0.191000
1669191350.787084, -26.204663, 6.956850, -0.188000
1669191351.788717, -25.949967, 7.705629, -0.167000
1669191352.787899, -25.653305, 8.468308, -0.156000
1669191353.789451, -25.334783, 9.214711, -0.125000
1669191354.791598, -25.077817, 9.991563, -0.115000
1669191355.789437, -24.915896, 10.790925, -0.093000
1669191356.788697, -24.727810, 11.589658, -0.093000
1669191357.790098, -24.550704, 12.376001, -0.057000
1669191358.789927, -24.448357, 13.190428, -0.033000
1669191359.791520, -24.584342, 13.983371, -0.025000
1669191360.789983, -24.888500, 14.623071, -0.008000
1669191361.788908, -25.396709, 15.163584, 0.001000
1669191362.787518, -26.092844, 15.479615, -0.030000
1669191363.787647, -26.820938, 15.542628, -0.036000
1669191364.787977, -27.543607, 15.387315, -0.081000
1669191365.788472, -28.215730, 15.037322, -0.186000
1669191366.789280, -28.741372, 14.513774, -0.275000
1669191367.789043, -29.129967, 13.904308, -0.346000
1669191368.787703, -29.488259, 13.247168, -0.441000
1669191369.788674, -29.880337, 12.661619, -0.524000
1669191370.788830, -30.268900, 12.036432, -0.589000
1669191371.787828, -30.664271, 11.477201, -0.666000
1669191372.790407, -31.091135, 10.851369, -0.732000
1669191373.790866, -31.519652, 10.260334, -0.803000
1669191374.791533, -31.911916, 9.699201, -0.891000
1669191375.793565, -32.262032, 9.056718, -0.932000
1669191376.791240, -32.553735, 8.392531, -0.996000
1669191377.800176, -32.823468, 7.736109, -1.043000
1669191378.794578, -33.108052, 7.086042, -1.044000
1669191379.794495, -33.359147, 6.435038, -1.065000
1669191380.792379, -33.545171, 5.731517, -1.073000
1669191381.794661, -33.703195, 5.029740, -1.067000
1669191382.795436, -33.859532, 4.321646, -1.093000
1669191383.795636, -34.042526, 3.602723, -1.105000
1669191384.793781, -34.149143, 2.907103, -1.109000
1669191385.795532, -34.171770, 2.189716, -1.113000
1669191386.794230, -34.142001, 1.466262, -1.117000
1669191387.794505, -34.092981, 0.757833, -1.114000
1669191388.794228, -34.026491, -0.040591, -1.125000
1669191389.789616, -33.872228, -0.787608, -1.130000
1669191390.795276, -33.597897, -1.536845, -1.125000
1669191391.795250, -33.193151, -2.348584, -1.130000
1669191392.794557, -32.745160, -3.194531, -1.127000
1669191393.795324, -32.338351, -4.069925, -1.130000
1669191394.795168, -31.923484, -4.946381, -1.116000
1669191395.795596, -31.500258, -5.850351, -1.133000
1669191396.793924, -31.089438, -6.709723, -1.133000
1669191397.793121, -30.687309, -7.587628, -1.131000
1669191398.791885, -30.283980, -8.465368, -1.119000
1669191399.793555, -29.881362, -9.349753, -1.114000
1669191400.794881, -29.489944, -10.250779, -1.091000
1669191401.793437, -29.101895, -11.156372, -1.115000
1669191402.793047, -28.740996, -11.987157, -1.105000
1669191403.794629, -28.407232, -12.892199, -1.100000
1669191404.793593, -28.061334, -13.805030, -1.122000
1669191405.793932, -27.751483, -14.717805, -1.120000
1669191406.793948, -27.443856, -15.638309, -1.109000
1669191407.789222, -27.113077, -16.525362, -1.110000
1669191408.792780, -26.791574, -17.465521, -1.112000
1669191409.790584, -26.471870, -18.361817, -1.096000
1669191410.795609, -26.184664, -19.260522, -1.072000
1669191411.795016, -25.964534, -20.119067, -1.027000
1669191412.793868, -25.688164, -21.127631, -1.012000
1669191413.792815, -25.420823, -22.051152, -1.032000
1669191414.792223, -25.211038, -22.999405, -1.019000
1669191415.790358, -24.911315, -23.839139, -1.020000
1669191416.787905, -24.461811, -24.648862, -1.030000
1669191417.790349, -23.930117, -25.383595, -1.023000
1669191418.788986, -23.313582, -26.098682, -1.021000
1669191419.790734, -22.744858, -26.828309, -1.033000
1669191420.788889, -22.180247, -27.615385, -1.062000
1669191421.789092, -21.628461, -28.391331, -1.055000
1669191422.789214, -21.087064, -29.197802, -1.064000
1669191423.789862, -20.576405, -29.982298, -1.067000
1669191424.789673, -20.068440, -30.793381, -1.065000
1669191425.788655, -19.621072, -31.632103, -1.064000
1669191426.789319, -19.195978, -32.478956, -1.082000
1669191427.790046, -18.775595, -33.339044, -1.107000
1669191428.788553, -18.381570, -34.227538, -1.070000
1669191429.787689, -17.976946, -35.073118, -1.066000
1669191430.789347, -17.525995, -35.921149, -1.042000
1669191431.789167, -17.057842, -36.795547, -1.060000
1669191432.787778, -16.566117, -37.620596, -1.074000
1669191433.787318, -16.107559, -38.469864, -1.083000
1669191434.785376, -15.606361, -39.291929, -1.112000
1669191435.786655, -15.121924, -40.132204, -1.122000
1669191436.784288, -14.636144, -40.972686, -1.115000
1669191437.783447, -14.159137, -41.783614, -1.119000
1669191438.784086, -13.632120, -42.573751, -1.110000
1669191439.783152, -13.097287, -43.405817, -1.121000
1669191440.782664, -12.586129, -44.196240, -1.142000
1669191441.783219, -12.079189, -45.023765, -1.119000
1669191442.782795, -11.615586, -45.840198, -1.140000
1669191443.782768, -11.135503, -46.707956, -1.133000
1669191444.782921, -10.667315, -47.553874, -1.112000
1669191445.783007, -10.197414, -48.413506, -1.137000
1669191446.784002, -9.726050, -49.248566, -1.129000
1669191447.784139, -9.280992, -50.126641, -1.093000
1669191448.782636, -8.817491, -50.931422, -1.137000
1669191449.782940, -8.358805, -51.790864, -1.106000
1669191450.783784, -7.874305, -52.645195, -1.117000
1669191451.784569, -7.391193, -53.475460, -1.136000
1669191452.783466, -6.912418, -54.323406, -1.093000
1669191453.783673, -6.447513, -55.177776, -1.134000
1669191454.785374, -5.998979, -56.036121, -1.127000
1669191455.783153, -5.548265, -56.871755, -1.120000
1669191456.782888, -5.074652, -57.715360, -1.144000
1669191457.781957, -4.617750, -58.583094, -1.117000
1669191458.782349, -4.171774, -59.415874, -1.124000
1669191459.780614, -3.730140, -60.310721, -1.077000
1669191460.782241, -3.295751, -61.138866, -1.074000
1669191461.781289, -2.855989, -62.002981, -1.085000
1669191462.783160, -2.408565, -62.882761, -1.052000
1669191463.780562, -2.002590, -63.737056, -1.041000
1669191464.782179, -1.620291, -64.638111, -1.026000
1669191465.780545, -1.227443, -65.525659, -1.022000
1669191466.781371, -0.807025, -66.339695, -1.036000
1669191467.781461, -0.350847, -67.197245, -1.012000
1669191468.782113, 0.098432, -68.064665, -1.013000
1669191469.781497, 0.444118, -68.796060, -0.888000
1669191470.780234, 0.893740, -69.599125, -0.761000
1669191471.781930, 1.421906, -70.374669, -0.635000
1669191472.781195, 1.919326, -71.163933, -0.497000
1669191473.780227, 2.422057, -71.957541, -0.418000
1669191474.780316, 2.926328, -72.775033, -0.268000
1669191475.780794, 3.458259, -73.628502, -0.174000
1669191476.781136, 3.997582, -74.451766, -0.128000
1669191477.782083, 4.569191, -75.214545, -0.151000
1669191478.782349, 5.146119, -75.998868, -0.126000
1669191479.781300, 5.712448, -76.790779, -0.109000
1669191480.781114, 6.236496, -77.571062, -0.114000
1669191481.782089, 6.743486, -78.404689, -0.099000
1669191482.782107, 7.246128, -79.230106, -0.045000
1669191483.781925, 7.767903, -80.065093, -0.005000
1669191484.781941, 8.284568, -80.875027, -0.025000
1669191485.781982, 8.803670, -81.682413, -0.069000
1669191486.781907, 9.296826, -82.511552, -0.052000
1669191487.782748, 9.796334, -83.345423, -0.026000
1669191488.782427, 10.303851, -84.174435, -0.002000
1669191489.780977, 10.802667, -85.013842, -0.031000
1669191490.784851, 11.298503, -85.843767, -0.006000
1669191491.783387, 11.800175, -86.691175, -0.054000
1669191492.782896, 12.264927, -87.519463, -0.017000
1669191493.781159, 12.755970, -88.367431, -0.025000
1669191494.780727, 13.238008, -89.173079, -0.017000
1669191495.782598, 13.696182, -90.054149, 0.044000
1669191496.782763, 14.208440, -90.868262, 0.002000
1669191497.783313, 14.689826, -91.694797, -0.003000
1669191498.783609, 15.187449, -92.533999, -0.020000
1669191499.784175, 15.647940, -93.366653, -0.039000
1669191500.782542, 16.133870, -94.233953, 0.016000
1669191501.785201, 16.558669, -95.045659, -0.023000
1669191502.785268, 17.040348, -95.863691, 0.012000
1669191503.789361, 17.622778, -96.703035, 0.025000
1669191504.791381, 18.119837, -97.522623, 0.045000
1669191505.787388, 18.615341, -98.354575, 0.076000
1669191506.787640, 19.091898, -99.183618, 0.057000
1669191507.788435, 19.588090, -100.019096, 0.073000
1669191508.791006, 20.086589, -100.868484, 0.100000
1669191509.789037, 20.594910, -101.720813, 0.059000
1669191510.787540, 21.085190, -102.552122, 0.112000
1669191511.784221, 21.551957, -103.341051, 0.091000
1669191512.788442, 22.091984, -104.070003, 0.076000
1669191513.791062, 22.718363, -104.760840, 0.131000
1669191514.791180, 23.402146, -105.347601, 0.076000
1669191515.790922, 24.181450, -105.911198, 0.122000
1669191516.793056, 24.958382, -106.323469, 0.161000
1669191517.792670, 25.790734, -106.563386, 0.117000
1669191518.792075, 26.657790, -106.652976, 0.133000
1669191519.792070, 27.530610, -106.605434, 0.130000
1669191520.790023, 28.343219, -106.306643, 0.154000
1669191521.792457, 29.134251, -105.983627, 0.135000
1669191522.791227, 29.871108, -105.476969, 0.139000
1669191523.791787, 30.626343, -104.874266, 0.149000
1669191524.790818, 31.406834, -104.325809, 0.173000
1669191525.791525, 32.169995, -103.785011, 0.164000
1669191526.790791, 32.974632, -103.276912, 0.181000
1669191527.792271, 33.822441, -102.789702, 0.183000
1669191528.791064, 34.662297, -102.339347, 0.213000
1669191529.789927, 35.513941, -101.846469, 0.211000
1669191530.789724, 36.356393, -101.375258, 0.199000
1669191531.787887, 37.204351, -100.923376, 0.215000
1669191532.788495, 38.060961, -100.464056, 0.214000
1669191533.788861, 38.948896, -99.983259, 0.202000
1669191534.791945, 39.804791, -99.539648, 0.208000
1669191535.789796, 40.633320, -99.078004, 0.194000
1669191536.791607, 41.488971, -98.604612, 0.178000
1669191537.790409, 42.353082, -98.179264, 0.196000
1669191538.788232, 43.219633, -97.733429, 0.177000
1669191539.790498, 44.058654, -97.305807, 0.182000
1669191540.788447, 44.877087, -96.804413, 0.179000
1669191541.788083, 45.709943, -96.325642, 0.172000
1669191542.788086, 46.545553, -95.860972, 0.143000
1669191543.787960, 47.426015, -95.441634, 0.146000
1669191544.786274, 48.303969, -95.011342, 0.118000
1669191545.786188, 49.150793, -94.582187, 0.106000
1669191546.789918, 50.017661, -94.179449, 0.124000
1669191547.786933, 50.893801, -93.767990, 0.132000
1669191548.794124, 51.791583, -93.341547, 0.126000
1669191549.789141, 52.661527, -92.924990, 0.102000
1669191550.788350, 53.530183, -92.522651, 0.107000
1669191551.785455, 54.395645, -92.096955, 0.096000
1669191552.786749, 55.240273, -91.656111, 0.101000
1669191553.788106, 56.083003, -91.221338, 0.118000
1669191554.787046, 56.945995, -90.747144, 0.097000
1669191555.790219, 57.808092, -90.316953, 0.102000
1669191556.785686, 58.688110, -89.870789, 0.091000
1669191557.786265, 59.540856, -89.427493, 0.123000
1669191558.787159, 60.413566, -89.006543, 0.112000
1669191559.785640, 61.274079, -88.546178, 0.102000
1669191560.784832, 62.084709, -88.090331, 0.100000
1669191561.787989, 62.902446, -87.603350, 0.100000
1669191562.787992, 63.734308, -87.121416, 0.115000
1669191563.786297, 64.572438, -86.587248, 0.096000
1669191564.786685, 65.416319, -86.128636, 0.095000
1669191565.787035, 66.237897, -85.653370, 0.108000
1669191566.784836, 67.049929, -85.326638, 0.112000
1669191567.788245, 67.938248, -85.123262, 0.111000
1669191568.785993, 68.879648, -84.991618, 0.121000
1669191569.787625, 69.830086, -84.847366, 0.093000
1669191570.789986, 70.779795, -84.728439, 0.090000
1669191571.788739, 71.728646, -84.607278, 0.097000
1669191572.789993, 72.627189, -84.400745, 0.094000
1669191573.788444, 73.531514, -84.126621, 0.091000
1669191574.788673, 74.464924, -83.866120, 0.083000
1669191575.790340, 75.345080, -83.535362, 0.075000
1669191576.790658, 76.261247, -83.206694, 0.095000
1669191577.791581, 77.139576, -82.851308, 0.080000
1669191578.789137, 78.013177, -82.474758, 0.063000
1669191579.787753, 78.865539, -82.027570, 0.070000
1669191580.788203, 79.730667, -81.612593, 0.055000
1669191581.789375, 80.576461, -81.173430, 0.063000
1669191582.789436, 81.464540, -80.736833, 0.061000
1669191583.789328, 82.324710, -80.305497, 0.055000
1669191584.788165, 83.193701, -79.892064, 0.079000
1669191585.789623, 84.081527, -79.461566, 0.074000
1669191586.789289, 84.959880, -79.025174, 0.058000
1669191587.788184, 85.821069, -78.621966, 0.066000
1669191588.790148, 86.653237, -78.183682, 0.046000
1669191589.790709, 87.501545, -77.728471, 0.058000
1669191590.792940, 88.363409, -77.258879, 0.053000
1669191591.792963, 89.172503, -76.769899, 0.045000
1669191592.793303, 89.989650, -76.264596, 0.044000
1669191593.792255, 90.829670, -75.760049, 0.050000
1669191594.791825, 91.645029, -75.263222, 0.055000
1669191595.792121, 92.480427, -74.731226, 0.032000
1669191596.788550, 93.188246, -74.190041, 0.025000
1669191597.793124, 93.853449, -73.568608, 0.048000
1669191598.789161, 94.447151, -72.876795, 0.038000
1669191599.790588, 94.997578, -72.125992, 0.061000
1669191600.792510, 95.550120, -71.338606, 0.064000
1669191601.793056, 96.073294, -70.563114, 0.101000
1669191602.793547, 96.431324, -69.744323, 0.102000
1669191603.794877, 96.606367, -68.884889, 0.115000
1669191604.791935, 96.597070, -67.994039, 0.115000
1669191605.788656, 96.538807, -67.079981, 0.077000
1669191606.789264, 96.373465, -66.191481, 0.126000
1669191607.789218, 96.331621, -65.332445, 0.113000
1669191608.786104, 96.517915, -64.524062, 0.102000
1669191609.790099, 96.914657, -63.759930, 0.093000
1669191610.789139, 97.408390, -62.956382, 0.104000
1669191611.792041, 97.817452, -62.153621, 0.104000
1669191612.788165, 98.247510, -61.285744, 0.083000
1669191613.787211, 98.584809, -60.428133, 0.094000
1669191614.787029, 98.892639, -59.544131, 0.102000
1669191615.786292, 99.219157, -58.625306, 0.121000
1669191616.788471, 99.458481, -57.741439, 0.113000
1669191617.785420, 99.601562, -56.843921, 0.142000
1669191618.787071, 99.668992, -55.873733, 0.124000
1669191619.786934, 99.769314, -54.930919, 0.116000
1669191620.788289, 99.852729, -53.953050, 0.105000
1669191621.788131, 99.893227, -53.036410, 0.114000
1669191622.785044, 99.867664, -52.090355, 0.131000
1669191623.785174, 99.787231, -51.160571, 0.120000
1669191624.786602, 99.644778, -50.263027, 0.139000
1669191625.787483, 99.383585, -49.373090, 0.128000
1669191626.785061, 99.029892, -48.522275, 0.119000
1669191627.783954, 98.612340, -47.715134, 0.125000
1669191628.784807, 98.171904, -47.049274, 0.144000
1669191629.786327, 97.763138, -46.465326, 0.176000
1669191630.785658, 97.384744, -45.854336, 0.187000
1669191631.785762, 97.018437, -45.236152, 0.217000
1669191632.784277, 96.639630, -44.605365, 0.204000
1669191633.784187, 96.200384, -43.878123, 0.182000
1669191634.782848, 95.710734, -43.044795, 0.156000
1669191635.788475, 95.209327, -42.207938, 0.168000
1669191636.784466, 94.731702, -41.362237, 0.175000
1669191637.786082, 94.246412, -40.501055, 0.147000
1669191638.779917, 93.760131, -39.689607, 0.127000
1669191639.779343, 93.276589, -38.822352, 0.163000
1669191640.778507, 92.780341, -37.990021, 0.144000
1669191641.776325, 92.261641, -37.202806, 0.173000
1669191642.779060, 91.752601, -36.383945, 0.177000
1669191643.781346, 91.188667, -35.618158, 0.075000
1669191644.776488, 90.624189, -34.831462, 0.065000
1669191645.778467, 90.100813, -34.011248, -0.035000
1669191646.776571, 89.662202, -33.193579, -0.049000
1669191647.780074, 89.196473, -32.369717, 0.035000
1669191648.779551, 88.618756, -31.587606, -0.070000
1669191649.779486, 88.167900, -30.795252, 0.001000
1669191650.777731, 87.687810, -29.759570, 0.128000
1669191651.775314, 87.241858, -28.960271, 0.078000
1669191652.779523, 86.734594, -28.257400, -0.008000
1669191653.777249, 86.263759, -27.417176, 0.005000
1669191654.776354, 85.799563, -26.564674, 0.000000
1669191655.775324, 85.326137, -25.709611, 0.005000
1669191656.774759, 84.826592, -24.868901, -0.061000
1669191657.772402, 84.358089, -24.041108, -0.007000
1669191658.774427, 83.887305, -23.224374, 0.051000
1669191659.772000, 83.343896, -22.492038, 0.031000
1669191660.772865, 82.765580, -21.727672, 0.064000
1669191661.774216, 82.176766, -20.973854, -0.030000
1669191662.773605, 81.647813, -20.182766, -0.030000
1669191663.773998, 81.144657, -19.396368, 0.012000
1669191664.774152, 80.627977, -18.622503, 0.008000
1669191665.775565, 80.131117, -17.826410, 0.032000
1669191666.776682, 79.600626, -17.037885, 0.044000
1669191667.774454, 79.181386, -16.304139, 0.084000
1669191668.773113, 78.631095, -15.430574, 0.133000
1669191669.772430, 78.108383, -14.633118, 0.129000
1669191670.772013, 77.573724, -13.808088, 0.115000
1669191671.771477, 77.059752, -12.962695, 0.127000
1669191672.774537, 76.582851, -12.145117, 0.114000
1669191673.773575, 76.079987, -11.332647, 0.134000
1669191674.775563, 75.554724, -10.509256, 0.117000
1669191675.776660, 75.030254, -9.691981, 0.129000
1669191676.774377, 74.543539, -8.862215, 0.107000
1669191677.776790, 74.052277, -8.044763, 0.177000
1669191678.776139, 73.541787, -7.214593, 0.182000
1669191679.774684, 73.058876, -6.381008, 0.177000
1669191680.774604, 72.573935, -5.570136, 0.192000
1669191681.775586, 72.108461, -4.687280, 0.242000
1669191682.774468, 71.615372, -3.854076, 0.250000
1669191683.776180, 71.129825, -3.034871, 0.209000
1669191684.774888, 70.631557, -2.269085, 0.229000
1669191685.776523, 70.050146, -1.484506, 0.246000
1669191686.774390, 69.621533, -0.721378, 0.259000
1669191687.776502, 69.348237, 0.107179, 0.261000
1669191688.774413, 69.251832, 0.985634, 0.259000
1669191689.775823, 69.291354, 1.915052, 0.259000
1669191690.777419, 69.408936, 2.852394, 0.225000
1669191691.778431, 69.447930, 3.803644, 0.227000
1669191692.778849, 69.505796, 4.729977, 0.238000
1669191693.782040, 69.553916, 5.699012, 0.256000
1669191694.779699, 69.659622, 6.623980, 0.255000
1669191695.780862, 69.842135, 7.535811, 0.243000
1669191696.783039, 70.067848, 8.463739, 0.251000
1669191697.783128, 70.281160, 9.401311, 0.287000
1669191698.781258, 70.522799, 10.342286, 0.278000
1669191699.783234, 70.764745, 11.274934, 0.288000
1669191700.782107, 71.002872, 12.211715, 0.300000
1669191701.784941, 71.263682, 13.154215, 0.332000
1669191702.786941, 71.503634, 14.083937, 0.320000
1669191703.788122, 71.728021, 15.030753, 0.328000
1669191704.789426, 71.998609, 15.976601, 0.325000
1669191705.791983, 72.195152, 16.842513, 0.365000
1669191706.789443, 72.343702, 17.744932, 0.382000
1669191707.790824, 72.322944, 18.559410, 0.438000
1669191708.790308, 72.169649, 19.355234, 0.531000
1669191709.791154, 71.851546, 20.090412, 0.646000
1669191710.788249, 71.267196, 20.842676, 0.743000
1669191711.789994, 70.671429, 21.521340, 0.853000
1669191712.788906, 70.086724, 22.305605, 0.889000
1669191713.790036, 69.586545, 23.108598, 0.923000
1669191714.791264, 69.154652, 23.995879, 0.918000
1669191715.794093, 68.679321, 24.808808, 0.875000
1669191716.791836, 68.220292, 25.453901, 0.835000
1669191717.794861, 67.752980, 26.060296, 0.829000
1669191718.793999, 67.290168, 26.720434, 0.789000
1669191719.794732, 66.825689, 27.335104, 0.742000
1669191720.793849, 66.364895, 27.981891, 0.693000
1669191721.794046, 65.883054, 28.657702, 0.642000
1669191722.794369, 65.380295, 29.273020, 0.554000
1669191723.796324, 64.889239, 29.722614, 0.565000
1669191724.795688, 64.233539, 30.174257, 0.551000
1669191725.796781, 63.556417, 30.385465, 0.573000
1669191726.796038, 62.803103, 30.540075, 0.566000
1669191727.795781, 62.017111, 30.531563, 0.565000
1669191728.793906, 61.315632, 30.249566, 0.554000
1669191729.795064, 60.654179, 29.840389, 0.560000
1669191730.794588, 60.000831, 29.432924, 0.561000
1669191731.792703, 59.273613, 28.955877, 0.549000
1669191732.806652, 58.459961, 28.444599, 0.534000
1669191733.796211, 57.672291, 27.904214, 0.535000
1669191734.794753, 56.893030, 27.348152, 0.531000
1669191735.795521, 56.141275, 26.782377, 0.515000
1669191736.796428, 55.359024, 26.244121, 0.523000
1669191737.796315, 54.545904, 25.799599, 0.506000
1669191738.793918, 53.725513, 25.420302, 0.502000
1669191739.796155, 52.844821, 25.180919, 0.460000
1669191740.796102, 51.835356, 25.109797, 0.345000
1669191741.796538, 50.899982, 25.138956, 0.240000
1669191742.796438, 50.080516, 25.114551, 0.191000
1669191743.796728, 49.133047, 25.047744, 0.179000
1669191744.795204, 48.159211, 24.987301, 0.174000
1669191745.795836, 47.234019, 24.867037, 0.153000
1669191746.794862, 46.321474, 24.628009, 0.112000
1669191747.795215, 45.505997, 24.371062, 0.144000
1669191748.791732, 44.650742, 24.017508, 0.116000
1669191749.787302, 43.838559, 23.566499, 0.140000
1669191750.791633, 43.051610, 23.068826, 0.137000
1669191751.789783, 42.237199, 22.548130, 0.132000
1669191752.791456, 41.422588, 22.024478, 0.142000
1669191753.791531, 40.608297, 21.422590, 0.119000
1669191754.793814, 39.843535, 20.963195, 0.128000
1669191755.792886, 39.052485, 20.479463, 0.136000
1669191756.791222, 38.224709, 19.964542, 0.143000
1669191757.789535, 37.428049, 19.423387, 0.125000
1669191758.787679, 36.624135, 18.895486, 0.145000
1669191759.791053, 35.826030, 18.330867, 0.138000
1669191760.789507, 35.036255, 17.798843, 0.148000
1669191761.791787, 34.269151, 17.289553, 0.139000
1669191762.791328, 33.511197, 16.711124, 0.187000
1669191763.788939, 32.708055, 16.193567, 0.164000
1669191764.790376, 31.895365, 15.668589, 0.143000
1669191765.790509, 31.092489, 15.113669, 0.165000
1669191766.789939, 30.286845, 14.554358, 0.170000
1669191767.788782, 29.479122, 14.048900, 0.145000
1669191768.789929, 28.662045, 13.485713, 0.173000
1669191769.791600, 27.919577, 13.035744, 0.200000
1669191770.789660, 27.095344, 12.394447, 0.210000
1669191771.789054, 26.374777, 11.815754, 0.159000
1669191772.791698, 25.448547, 11.360575, 0.118000
1669191773.789291, 24.585828, 10.893224, 0.149000
1669191774.790123, 23.743926, 10.409799, 0.148000
1669191775.785681, 22.958253, 9.749170, 0.032000
1669191776.785520, 22.140820, 9.279757, 0.046000
1669191777.789962, 21.356096, 8.754676, 0.024000
1669191778.790381, 20.524652, 8.296967, 0.077000
1669191779.789273, 19.697648, 7.898365, 0.085000
1669191780.795313, 18.817792, 7.567239, 0.150000
1669191781.789593, 17.928082, 7.228327, 0.183000
1669191782.789475, 17.065936, 6.936109, 0.216000
1669191783.787270, 16.110587, 6.775116, 0.188000
1669191784.789057, 15.175205, 6.645041, 0.151000
1669191785.786588, 14.223054, 6.513956, 0.188000
1669191786.790146, 13.325777, 6.337554, 0.188000
1669191787.791656, 12.383406, 6.121598, 0.154000
1669191788.792846, 11.439610, 5.892166, 0.158000
1669191789.792566, 10.499857, 5.680605, 0.182000
1669191790.790364, 9.546672, 5.488505, 0.141000
1669191791.791534, 8.596931, 5.270086, 0.178000
1669191792.788924, 7.685548, 5.038070, 0.186000
1669191793.790869, 6.802584, 4.726602, 0.171000
1669191794.786663, 5.919043, 4.372236, 0.185000
1669191795.789317, 5.008166, 4.046445, 0.156000
1669191796.789666, 4.077332, 3.716924, 0.156000
1669191797.789663, 3.143298, 3.383943, 0.143000
1669191798.790388, 2.258100, 3.002419, 0.136000
1669191799.792158, 1.430313, 2.540026, 0.090000
1669191800.791546, 0.640341, 2.102515, 0.020000
1669191801.791079, -0.182361, 1.613589, 0.031000
1669191802.790540, -1.024768, 1.118154, -0.001000
1669191803.787412, -1.871106, 0.646643, -0.008000
1669191804.791583, -2.696619, 0.150737, -0.024000
1669191805.790107, -3.460858, -0.356934, -0.035000
1669191806.792402, -4.244293, -0.902933, -0.027000
1669191807.794149, -5.059495, -1.461155, -0.032000
1669191808.795320, -5.850304, -2.009803, -0.031000
1669191809.795129, -6.655262, -2.554882, -0.023000
1669191810.796073, -7.451750, -3.103249, -0.035000
1669191811.795002, -8.251345, -3.667284, -0.045000
1669191812.790137, -9.034249, -4.226052, -0.050000
1669191813.795273, -9.849296, -4.748582, -0.056000
1669191814.793429, -10.639015, -5.294659, -0.068000
1669191815.793263, -11.415419, -5.867039, -0.067000
1669191816.794165, -12.183153, -6.430873, -0.077000
1669191817.794216, -12.983400, -6.989163, -0.105000
1669191818.794247, -13.776800, -7.558295, -0.106000
1669191819.796134, -14.556181, -8.138577, -0.130000
1669191820.797319, -15.357173, -8.705546, -0.140000
1669191821.794875, -16.181049, -9.298945, -0.207000
1669191822.796911, -17.005889, -9.869764, -0.290000
1669191823.799090, -17.886399, -10.451106, -0.460000
1669191824.796282, -18.673145, -10.945263, -0.576000
1669191825.796342, -19.462448, -11.493195, -0.727000
1669191826.799095, -20.255946, -12.032735, -0.820000
1669191827.794794, -21.040265, -12.577792, -0.899000
1669191828.799204, -21.845811, -13.095674, -0.974000
1669191829.799886, -22.595814, -13.619305, -1.009000
1669191830.800476, -23.299182, -14.171282, -1.018000
1669191831.800400, -23.955958, -14.807090, -1.028000
1669191832.799733, -24.551526, -15.502747, -1.060000
1669191833.800997, -25.013563, -16.280008, -1.057000
1669191834.799989, -25.375154, -17.087638, -1.071000
1669191835.801078, -25.615866, -17.964451, -1.072000
1669191836.801016, -25.757540, -18.875307, -1.080000
1669191837.805890, -25.892796, -19.778135, -1.052000
1669191838.801748, -25.920277, -20.702578, -1.012000
1669191839.798166, -25.866644, -21.686099, -1.026000
1669191840.803532, -25.709287, -22.559485, -1.036000
1669191841.800986, -25.443205, -23.398465, -1.051000
1669191842.802205, -25.016783, -24.219818, -1.060000
1669191843.800493, -24.493501, -25.027277, -1.081000
1669191844.801208, -23.981463, -25.845087, -1.068000
1669191845.799450, -23.465519, -26.670731, -1.067000
1669191846.799014, -22.945510, -27.494779, -1.087000
1669191847.798065, -22.444184, -28.335711, -1.101000
1669191848.795542, -21.944616, -29.156823, -1.115000
1669191849.797233, -21.448159, -29.967341, -1.113000
1669191850.796638, -20.963894, -30.808908, -1.109000
1669191851.798530, -20.454823, -31.642943, -1.118000
1669191852.799511, -19.961510, -32.471347, -1.119000
1669191853.799134, -19.468257, -33.303264, -1.127000
1669191854.798360, -19.018319, -34.149243, -1.126000
1669191855.796405, -18.556308, -35.006523, -1.096000
1669191856.797325, -18.116393, -35.834947, -1.094000
1669191857.797092, -17.676196, -36.717380, -1.096000
1669191858.797558, -17.240567, -37.578097, -1.093000
1669191859.796954, -16.806359, -38.469675, -1.114000
1669191860.797226, -16.362456, -39.301126, -1.170000
1669191861.796295, -15.929783, -40.186205, -1.152000
1669191862.797732, -15.495948, -40.985120, -1.168000
1669191863.793798, -14.979185, -41.788953, -1.163000
1669191864.793877, -14.451212, -42.593347, -1.189000
1669191865.791880, -13.928895, -43.413735, -1.178000
1669191866.791001, -13.409209, -44.221687, -1.167000
1669191867.792899, -12.888079, -45.041499, -1.176000
1669191868.791763, -12.374780, -45.864508, -1.158000
1669191869.789121, -11.880697, -46.691631, -1.141000
1669191870.793391, -11.370539, -47.523464, -1.154000
1669191871.791598, -10.882054, -48.354375, -1.155000
1669191872.793195, -10.372240, -49.171222, -1.143000
1669191873.789727, -9.882105, -50.019545, -1.155000
1669191874.790546, -9.380147, -50.796866, -1.159000
1669191875.788471, -8.849135, -51.624983, -1.111000
1669191876.788881, -8.319381, -52.447901, -1.125000
1669191877.794073, -7.794185, -53.239671, -1.138000
1669191878.789909, -7.264781, -54.074419, -1.128000
1669191879.792198, -6.758280, -54.874934, -1.131000
1669191880.789672, -6.227636, -55.707114, -1.149000
1669191881.788866, -5.758062, -56.506634, -1.137000
1669191882.792595, -5.282132, -57.363594, -1.112000
1669191883.789285, -4.798543, -58.201079, -1.122000
1669191884.788349, -4.314154, -59.044312, -1.109000
1669191885.789517, -3.866089, -59.895067, -1.082000
1669191886.789306, -3.418780, -60.737486, -1.076000
1669191887.789417, -2.958773, -61.571983, -1.064000
1669191888.787819, -2.496423, -62.444803, -1.044000
1669191889.789116, -2.060268, -63.301089, -1.043000
1669191890.788439, -1.624056, -64.189371, -1.013000
1669191891.789413, -1.185838, -65.047541, -1.022000
1669191892.788068, -0.722358, -65.924264, -0.998000
1669191893.788200, -0.296378, -66.763178, -1.027000
1669191894.789184, 0.136883, -67.631436, -1.010000
1669191895.790379, 0.496600, -68.399873, -0.953000
1669191896.787825, 0.898762, -69.196770, -0.848000
1669191897.789528, 1.384424, -70.000261, -0.694000
1669191898.788931, 1.885191, -70.812700, -0.590000
1669191899.790598, 2.375111, -71.620886, -0.451000
1669191900.789368, 2.873555, -72.455664, -0.303000
1669191901.789814, 3.351384, -73.244781, -0.226000
1669191902.788660, 3.928261, -74.199807, -0.159000
1669191903.789697, 4.403545, -75.024390, -0.148000
1669191904.789457, 4.888621, -75.871332, -0.147000
1669191905.790495, 5.380654, -76.704892, -0.133000
1669191906.788813, 5.868944, -77.529880, -0.134000
1669191907.790277, 6.344423, -78.404772, -0.098000
1669191908.790206, 6.756081, -79.144497, -0.088000
1669191909.790176, 7.089950, -79.725886, -0.056000
1669191910.790338, 7.349503, -80.341340, -0.060000
1669191911.788363, 7.475241, -80.997805, -0.047000
1669191912.790442, 7.479376, -81.689568, -0.065000
1669191913.789344, 7.438490, -82.354862, -0.064000
1669191914.787579, 7.393488, -83.024709, -0.107000
1669191915.788234, 7.318028, -83.691266, -0.081000
1669191916.790045, 7.179953, -84.495841, -0.087000
1669191917.788955, 6.955930, -85.279355, -0.106000
1669191918.789094, 6.756031, -86.069196, -0.038000
1669191919.788921, 6.638122, -86.884100, -0.039000
1669191920.787990, 6.581999, -87.689508, -0.035000
1669191921.787213, 6.414326, -88.484149, -0.038000
1669191922.788330, 6.120835, -89.253910, 0.000000
1669191923.790086, 5.741120, -90.001312, -0.059000
1669191924.788298, 5.374667, -90.769282, -0.115000
1669191925.786850, 5.008792, -91.565004, -0.091000
1669191926.788056, 4.688687, -92.334130, -0.054000
1669191927.790304, 4.399683, -93.192185, -0.088000
1669191928.790758, 4.155778, -94.010318, -0.091000
1669191929.788686, 3.822927, -94.807893, -0.071000
1669191930.790847, 3.512500, -95.623789, -0.011000
1669191931.790584, 3.204211, -96.454701, -0.009000
1669191932.791085, 2.900679, -97.234464, -0.050000
1669191933.792002, 2.627133, -98.142347, 0.216000
1669191934.793193, 2.262927, -99.007266, 0.337000
1669191935.793678, 1.958674, -99.723581, 0.039000
1669191936.792192, 1.689664, -100.566810, 0.019000
1669191937.793113, 1.487852, -101.381217, 0.044000
1669191938.790487, 1.334398, -102.298902, 0.127000
1669191939.789860, 1.386880, -103.138700, 0.174000
1669191940.790634, 1.591333, -104.040071, 0.222000
1669191941.791318, 1.850008, -104.813268, 0.101000
1669191942.794967, 2.118337, -105.572944, -0.046000
1669191943.793623, 2.387934, -106.381281, -0.055000
1669191944.794496, 2.500929, -107.295528, -0.058000
1669191945.792951, 2.507407, -108.113833, 0.045000
1669191946.792784, 2.402942, -108.982783, 0.093000
1669191947.793383, 2.134215, -109.791617, 0.062000
1669191948.793716, 1.644091, -110.513845, 0.088000
1669191949.794960, 1.046667, -111.124583, 0.098000
1669191950.795418, 0.308111, -111.625477, 0.079000
1669191951.793114, -0.523509, -112.128123, 0.124000
1669191952.793082, -1.320599, -112.623216, 0.054000
1669191953.792984, -2.155004, -113.148933, 0.127000
1669191954.792995, -2.998076, -113.612362, 0.121000
1669191955.794071, -3.820880, -114.115527, 0.102000
1669191956.795007, -4.656404, -114.610154, 0.176000
1669191957.797313, -5.473836, -115.087518, 0.177000
1669191958.795878, -6.294666, -115.597744, 0.171000
1669191959.795564, -7.104275, -116.134237, 0.214000
1669191960.795061, -7.942024, -116.636594, 0.199000
1669191961.797464, -8.750574, -117.137041, 0.233000
1669191962.797114, -9.575692, -117.688437, 0.230000
1669191963.797431, -10.433775, -118.163817, 0.225000
1669191964.797106, -11.225865, -118.672680, 0.204000
1669191965.797679, -12.053410, -119.190745, 0.279000
1669191966.799248, -12.874032, -119.688583, 0.204000
1669191967.799039, -13.708710, -120.195060, 0.204000
1669191968.799850, -14.531649, -120.688419, 0.191000
1669191969.800573, -15.359797, -121.215536, 0.224000
1669191970.798202, -16.204376, -121.688370, 0.239000
1669191971.800918, -17.029684, -122.197964, 0.255000
1669191972.798112, -17.869101, -122.701586, 0.265000
1669191973.798793, -18.684563, -123.186195, 0.274000
1669191974.799420, -19.517355, -123.669585, 0.295000
1669191975.798963, -20.357641, -124.171528, 0.293000
1669191976.798044, -21.193334, -124.631936, 0.272000
1669191977.796936, -22.046874, -125.112755, 0.242000
1669191978.799139, -22.889118, -125.597834, 0.262000
1669191979.799410, -23.728575, -126.059658, 0.269000
1669191980.798937, -24.571910, -126.547308, 0.296000
1669191981.798799, -25.400529, -127.031508, 0.305000
1669191982.797937, -26.257784, -127.502092, 0.297000
1669191983.796771, -27.092590, -127.989516, 0.293000
1669191984.798930, -27.936508, -128.476231, 0.273000
1669191985.798735, -28.782551, -128.938312, 0.283000
1669191986.798467, -29.616404, -129.422423, 0.295000
1669191987.799722, -30.483153, -129.897100, 0.289000
1669191988.800733, -31.315240, -130.365335, 0.315000
1669191989.801311, -32.152129, -130.869739, 0.297000
1669191990.799896, -32.967224, -131.341406, 0.316000
1669191991.801786, -33.796067, -131.847611, 0.340000
1669191992.796482, -34.637750, -132.343610, 0.362000
1669191993.800334, -35.490587, -132.827029, 0.368000
1669191994.799192, -36.320598, -133.296224, 0.355000
1669191995.796838, -37.158449, -133.786740, 0.357000
1669191996.798060, -38.001673, -134.276610, 0.336000
1669191997.799484, -38.831664, -134.726941, 0.271000
1669191998.797641, -39.739905, -135.266938, 0.427000
1669191999.798332, -40.582359, -135.773096, 0.495000
1669192000.798195, -41.387357, -136.160784, 0.328000
1669192001.795014, -42.235609, -136.550143, 0.266000
1669192002.797235, -43.085586, -136.794107, 0.255000
1669192003.801056, -43.925786, -136.831837, 0.255000
1669192004.799306, -44.782917, -136.712448, 0.178000
1669192005.802355, -45.423827, -136.420285, 0.321000
1669192006.799348, -46.129409, -135.866624, 0.370000
1669192007.798112, -46.782888, -135.212866, 0.256000
1669192008.801229, -47.486458, -134.637601, 0.316000
1669192009.800399, -48.191494, -134.051769, 0.354000
1669192010.798657, -48.992229, -133.517209, 0.409000
1669192011.797378, -49.794639, -132.966715, 0.437000
1669192012.802337, -50.560815, -132.475833, 0.405000
1669192013.800972, -51.504523, -132.063687, 0.438000
1669192014.801235, -52.221830, -131.698841, 0.357000
1669192015.799086, -53.242246, -131.267640, 0.420000
1669192016.801789, -54.130775, -130.838675, 0.454000
1669192017.802054, -54.838933, -130.507643, 0.515000
1669192018.802784, -55.802758, -130.082210, 0.479000
1669192019.801792, -56.670276, -129.852046, 0.481000
1669192020.804443, -57.481813, -129.557730, 0.323000
1669192021.805664, -58.425556, -129.465353, 0.343000
1669192022.803739, -59.318528, -129.298563, 0.325000
1669192023.803539, -60.255889, -129.059078, 0.299000
1669192024.803640, -61.125210, -128.767666, 0.293000
1669192025.804653, -62.079586, -128.552490, 0.295000
1669192026.803538, -63.025305, -128.285490, 0.306000
1669192027.804723, -63.981017, -128.052166, 0.279000
1669192028.801662, -64.916971, -127.764988, 0.277000
1669192029.802685, -65.768195, -127.464821, 0.266000
1669192030.806634, -66.594610, -127.042270, 0.270000
1669192031.806128, -67.339048, -126.539734, 0.256000
1669192032.808021, -68.120351, -125.970731, 0.243000
1669192033.804485, -68.705210, -125.336814, 0.238000
1669192034.801711, -69.186530, -124.594980, 0.262000
1669192035.803453, -69.575802, -123.779063, 0.266000
1669192036.803531, -69.970247, -122.888896, 0.263000
1669192037.800482, -70.387735, -122.025710, 0.285000
1669192038.804972, -70.805700, -121.164181, 0.293000
1669192039.802768, -71.217993, -120.276855, 0.300000
1669192040.802300, -71.631475, -119.389139, 0.268000
1669192041.803450, -72.055073, -118.506985, 0.273000
1669192042.802182, -72.471773, -117.650285, 0.256000
1669192043.801974, -72.873359, -116.766655, 0.268000
1669192044.801963, -73.273160, -115.892487, 0.257000
1669192045.803033, -73.674528, -115.013669, 0.270000
1669192046.801053, -74.063186, -114.108619, 0.259000
1669192047.803802, -74.482018, -113.236533, 0.264000
1669192048.802909, -74.869176, -112.348893, 0.255000
1669192049.803194, -75.254047, -111.485150, 0.258000
1669192050.804007, -75.645477, -110.584862, 0.263000
1669192051.803152, -76.049366, -109.722461, 0.258000
1669192052.801243, -76.468977, -108.852210, 0.261000
1669192053.803079, -76.904242, -107.978921, 0.259000
1669192054.800914, -77.296852, -107.130582, 0.254000
1669192055.800868, -77.724918, -106.238550, 0.259000
1669192056.802219, -78.135266, -105.360134, 0.259000
1669192057.800946, -78.552126, -104.495293, 0.262000
1669192058.801026, -78.954215, -103.614983, 0.266000
1669192059.801843, -79.366971, -102.737451, 0.265000
1669192060.801630, -79.773092, -101.839133, 0.271000
1669192061.803544, -80.180402, -100.984441, 0.267000
1669192062.803527, -80.588153, -100.094048, 0.272000
1669192063.801692, -80.985961, -99.208262, 0.273000
1669192064.800576, -81.378531, -98.313502, 0.273000
1669192065.802574, -81.773547, -97.457170, 0.275000
1669192066.801887, -82.172916, -96.575241, 0.287000
1669192067.802468, -82.579239, -95.671186, 0.288000
1669192068.802490, -82.960138, -94.793823, 0.292000
1669192069.802319, -83.357088, -93.910456, 0.293000
1669192070.801888, -83.739805, -93.016788, 0.293000
1669192071.803543, -84.142577, -92.123890, 0.291000
1669192072.802383, -84.529190, -91.257157, 0.294000
1669192073.801574, -84.925210, -90.354201, 0.305000
1669192074.804445, -85.326578, -89.440243, 0.298000
1669192075.801092, -85.684410, -88.587500, 0.317000
1669192076.801844, -86.068042, -87.694926, 0.318000
1669192077.800515, -86.440616, -86.785339, 0.306000
1669192078.801915, -86.822552, -85.916282, 0.310000
1669192079.800423, -87.192629, -85.018204, 0.333000
1669192080.801117, -87.570888, -84.108706, 0.323000
1669192081.801006, -87.966253, -83.237757, 0.331000
1669192082.799864, -88.325555, -82.348184, 0.339000
1669192083.801090, -88.700665, -81.447062, 0.340000
1669192084.801328, -89.096112, -80.580919, 0.348000
1669192085.801151, -89.481815, -79.695893, 0.359000
1669192086.801414, -89.879880, -78.816575, 0.352000
1669192087.801162, -90.275567, -77.920467, 0.359000
1669192088.800241, -90.679315, -77.023483, 0.355000
1669192089.800870, -91.083548, -76.146280, 0.356000
1669192090.800167, -91.475464, -75.301281, 0.372000
1669192091.800157, -91.861608, -74.398122, 0.368000
1669192092.802564, -92.263857, -73.500978, 0.367000
1669192093.802108, -92.657086, -72.609906, 0.372000
1669192094.801518, -93.059184, -71.730334, 0.377000
1669192095.800782, -93.438810, -70.857432, 0.373000
1669192096.800604, -93.814483, -69.980712, 0.370000
1669192097.800681, -94.256176, -69.107498, 0.355000
1669192098.802776, -94.695912, -68.251146, 0.361000
1669192099.799474, -95.136563, -67.395888, 0.349000
1669192100.799494, -95.576806, -66.534164, 0.340000
1669192101.800320, -95.998663, -65.681999, 0.346000
1669192102.799417, -96.450183, -64.788459, 0.347000
1669192103.799411, -96.881360, -63.930218, 0.329000
1669192104.801222, -97.301626, -63.081224, 0.356000
1669192105.801186, -97.731462, -62.205620, 0.339000
1669192106.801154, -98.156548, -61.341009, 0.342000
1669192107.803281, -98.580406, -60.465692, 0.347000
1669192108.800042, -98.960218, -59.718549, 0.365000
1669192109.801155, -99.323888, -58.972049, 0.365000
1669192110.805068, -99.685328, -58.235204, 0.390000
1669192111.810001, -99.987769, -57.467919, 0.377000
1669192112.804508, -100.146520, -56.668300, 0.366000
1669192113.805637, -100.115472, -55.851555, 0.378000
1669192114.804608, -99.932575, -55.050516, 0.378000
1669192115.804954, -99.617926, -54.277232, 0.358000
1669192116.804773, -99.168308, -53.694881, 0.414000
1669192117.805025, -98.708543, -53.246232, 0.559000
1669192118.805919, -97.916268, -52.726468, 0.572000
1669192119.806752, -97.222394, -52.382028, 0.597000
1669192120.805966, -96.351229, -52.096632, 0.633000
1669192121.804930, -95.506515, -51.765661, 0.693000
1669192122.804898, -94.560786, -51.466918, 0.696000
1669192123.803895, -93.755684, -51.222754, 0.754000
1669192124.801679, -92.769566, -51.029560, 0.798000
1669192125.802730, -91.798676, -50.878829, 0.820000
1669192126.802597, -90.822773, -50.688235, 0.815000
1669192127.801829, -89.821508, -50.457384, 0.797000
1669192128.804048, -88.946770, -50.437628, 0.760000
1669192129.803464, -88.088344, -50.568326, 0.746000
1669192130.804472, -87.213549, -50.801021, 0.744000
1669192131.804603, -86.408761, -51.148860, 0.726000
1669192132.804696, -85.625216, -51.620436, 0.702000
1669192133.802619, -84.818407, -52.157877, 0.687000
1669192134.805217, -84.069105, -52.664197, 0.714000
1669192135.806241, -83.235166, -53.180644, 0.709000
1669192136.803012, -82.430125, -53.707698, 0.727000
1669192137.806209, -81.607137, -54.225994, 0.750000
1669192138.806830, -80.777395, -54.751802, 0.737000
1669192139.805477, -79.988564, -55.264525, 0.750000
1669192140.805679, -79.218738, -55.830745, 0.771000
1669192141.809453, -78.543908, -56.433268, 0.776000
1669192142.803502, -77.860053, -57.103449, 0.778000
1669192143.803354, -77.212947, -57.814989, 0.779000
1669192144.803813, -76.530229, -58.543408, 0.769000
1669192145.803187, -75.901456, -59.251124, 0.769000
1669192146.803259, -75.248830, -59.972375, 0.744000
1669192147.804183, -74.557088, -60.680233, 0.720000
1669192148.801510, -73.818496, -61.324339, 0.630000
1669192149.802531, -73.122119, -61.917610, 0.590000
1669192150.804305, -72.383141, -62.565422, 0.537000
1669192151.801993, -71.666017, -63.249482, 0.518000
1669192152.803283, -70.939858, -63.806453, 0.458000
1669192153.803534, -70.132892, -64.202413, 0.393000
1669192154.800753, -69.360221, -64.468514, 0.384000
1669192155.803074, -68.499277, -64.538961, 0.421000
1669192156.801332, -67.558323, -64.389570, 0.414000
1669192157.801063, -66.620533, -64.162078, 0.359000
1669192158.800092, -65.817475, -63.888471, 0.400000
1669192159.801041, -64.987442, -63.461816, 0.392000
1669192160.802576, -64.273633, -62.894298, 0.364000
1669192161.806788, -63.530039, -62.325620, 0.424000
1669192162.802102, -62.893404, -61.731272, 0.495000
1669192163.801974, -62.294297, -61.039006, 0.465000
1669192164.801879, -61.878491, -60.298137, 0.510000
1669192165.801930, -61.511249, -59.475069, 0.586000
1669192166.803880, -61.116494, -58.626020, 0.557000
1669192167.804504, -60.600138, -57.935866, 0.529000
1669192168.800919, -60.175890, -57.349938, 0.508000
1669192169.799753, -59.904913, -56.664502, 0.736000
1669192170.802260, -59.514481, -56.052849, 0.741000
1669192171.799786, -59.250454, -55.459768, 0.615000
1669192172.800827, -59.309660, -54.699381, 0.678000
1669192173.800581, -59.629213, -53.961953, 0.652000
1669192174.804678, -60.103174, -53.412771, 0.716000
1669192175.802672, -60.750037, -52.995669, 0.687000
1669192176.800699, -61.530238, -52.803233, 0.692000
1669192177.802607, -62.254234, -52.736403, 0.699000
1669192178.801515, -63.048068, -52.774732, 0.738000
1669192179.802688, -63.770414, -52.778209, 0.785000
1669192180.805050, -64.556974, -52.722709, 0.769000
1669192181.801013, -65.389131, -52.595233, 0.748000
1669192182.803520, -66.328587, -52.488686, 0.768000
1669192183.801501, -67.247978, -52.354368, 0.766000
1669192184.801661, -68.266959, -52.095003, 0.716000
1669192185.800455, -69.181278, -51.935063, 0.721000
1669192186.804714, -70.123757, -51.812744, 0.715000
1669192187.802401, -71.040754, -51.634264, 0.731000
1669192188.804486, -71.923501, -51.438240, 0.744000
1669192189.802499, -72.783489, -51.223182, 0.745000
1669192190.801255, -73.641985, -51.008335, 0.719000
1669192191.806236, -74.417660, -50.796001, 0.675000
1669192192.806296, -75.220644, -50.597630, 0.646000
1669192193.805546, -76.010895, -50.389302, 0.630000
1669192194.807000, -76.786224, -50.200647, 0.630000
1669192195.811070, -77.608956, -50.073144, 0.635000
1669192196.805489, -78.436327, -50.060413, 0.631000
1669192197.806467, -79.278679, -50.084418, 0.630000
1669192198.806536, -80.155384, -50.123190, 0.634000
1669192199.804608, -81.038234, -50.145028, 0.648000
1669192200.807739, -81.898183, -50.218854, 0.654000
1669192201.806860, -82.770617, -50.226258, 0.663000
1669192202.807959, -83.606892, -50.138843, 0.671000
1669192203.807435, -84.499756, -50.054353, 0.664000
1669192204.806658, -85.350145, -49.952458, 0.695000
1669192205.807631, -86.211778, -49.869792, 0.705000
1669192206.807237, -87.102427, -49.787003, 0.719000
1669192207.807301, -87.943959, -49.621452, 0.756000
1669192208.807313, -88.745622, -49.336363, 0.789000
1669192209.803195, -89.433703, -48.915600, 0.839000
1669192210.804626, -89.971872, -48.201282, 0.822000
1669192211.805371, -90.406872, -47.497960, 0.816000
1669192212.805623, -90.776253, -46.735458, 0.818000
1669192213.805547, -91.093038, -45.887849, 0.813000
1669192214.806486, -91.379385, -45.079964, 0.806000
1669192215.805753, -91.746510, -44.281436, 0.796000
1669192216.806286, -92.197113, -43.572117, 0.831000
1669192217.803775, -92.768311, -42.856314, 0.824000
1669192218.804953, -93.386472, -42.210918, 0.799000
1669192219.803196, -94.043559, -41.638286, 0.792000
1669192220.805070, -94.551387, -41.092966, 0.845000
1669192221.805885, -95.103695, -40.383402, 0.849000
1669192222.803575, -95.590272, -39.705097, 0.909000
1669192223.806679, -96.005368, -38.965863, 0.951000
1669192224.805838, -96.393301, -38.159585, 0.994000
1669192225.806315, -96.768709, -37.311536, 0.967000
1669192226.803570, -97.056788, -36.597019, 0.963000
1669192227.806828, -97.333723, -35.913391, 1.014000
1669192228.807969, -97.621024, -35.179468, 0.998000
1669192229.807816, -97.842164, -34.451475, 1.058000
1669192230.805144, -98.127719, -33.641013, 0.994000
1669192231.805957, -98.441720, -32.999850, 1.013000
1669192232.805791, -98.724006, -32.252510, 1.003000
1669192233.804760, -98.989008, -31.491408, 0.974000
1669192234.805597, -99.243681, -30.791513, 0.950000
1669192235.804416, -99.473045, -30.089827, 0.951000
1669192236.807363, -99.718278, -29.397859, 1.011000
1669192237.808203, -100.004591, -28.632142, 1.004000
1669192238.803686, -100.191878, -27.874762, 0.992000
1669192239.804988, -100.189930, -27.098211, 0.983000
1669192240.805785, -100.060210, -26.328266, 0.965000
1669192241.805196, -99.803559, -25.605784, 0.926000
1669192242.805150, -99.380342, -24.904250, 0.863000
1669192243.807438, -98.956982, -24.273738, 0.805000
1669192244.802899, -98.379639, -23.780106, 0.740000
1669192245.806960, -97.664491, -23.415868, 0.686000
1669192246.807544, -96.950752, -23.214173, 0.646000
1669192247.806797, -96.207391, -23.100273, 0.625000
1669192248.805210, -95.471380, -22.872878, 0.605000
1669192249.808329, -94.779404, -22.552078, 0.567000
1669192250.808383, -94.102816, -22.194954, 0.577000
1669192251.808869, -93.387598, -21.844217, 0.544000
1669192252.808300, -92.703500, -21.599852, 0.526000
1669192253.805021, -91.933749, -21.323278, 0.515000
1669192254.807779, -91.217089, -21.072806, 0.522000
1669192255.807011, -90.457596, -20.818991, 0.526000
1669192256.806210, -89.712504, -20.594153, 0.520000
1669192257.806311, -88.980973, -20.401636, 0.480000
1669192258.806644, -88.256077, -20.362326, 0.491000
1669192259.806957, -87.461732, -20.390773, 0.437000
1669192260.806989, -86.705449, -20.476277, 0.429000
1669192261.805864, -85.948987, -20.560120, 0.439000
1669192262.805229, -85.150284, -20.622670, 0.423000
1669192263.807302, -84.393419, -20.717986, 0.412000
1669192264.809363, -83.734281, -21.054848, 0.377000
1669192265.807839, -83.285258, -21.557372, 0.386000
1669192266.806282, -83.045285, -22.365581, 0.345000
1669192267.809105, -83.181569, -23.099351, 0.299000
1669192268.806228, -83.577968, -23.692407, 0.299000
1669192269.807049, -84.209366, -24.110221, 0.270000
1669192270.805915, -84.910549, -24.330070, 0.275000
1669192271.802712, -85.628815, -24.569418, 0.309000
1669192272.803580, -86.369397, -24.801731, 0.310000
1669192273.809395, -87.095034, -25.017096, 0.358000
1669192274.805194, -87.807507, -25.241192, 0.374000
1669192275.807491, -88.497591, -25.591616, 0.396000
1669192276.809034, -89.048058, -26.079230, 0.423000
1669192277.806680, -89.560027, -26.695850, 0.432000
1669192278.805922, -89.812531, -27.420806, 0.438000
1669192279.806874, -89.853279, -28.183383, 0.446000
1669192280.805884, -89.641452, -28.966702, 0.405000
1669192281.807386, -89.366134, -29.631067, 0.395000
1669192282.807206, -88.960864, -30.279326, 0.399000
1669192283.806783, -88.481468, -30.904799, 0.365000
1669192284.807396, -87.984624, -31.471571, 0.365000
1669192285.808358, -87.500165, -32.089547, 0.375000
1669192286.807264, -87.053589, -32.727594, 0.364000
1669192287.808368, -86.615065, -33.328886, 0.379000
1669192288.813966, -86.399056, -34.041997, 0.353000
1669192289.806738, -86.419875, -34.767182, 0.420000
1669192290.808445, -86.660258, -35.500667, 0.447000
1669192291.808721, -86.986962, -36.191076, 0.495000
1669192292.807631, -87.397081, -36.869899, 0.516000
1669192293.809521, -87.850820, -37.466052, 0.515000
1669192294.808613, -88.375789, -38.011247, 0.555000
1669192295.807582, -88.890797, -38.630589, 0.590000
1669192296.807326, -89.529186, -39.346045, 0.633000
1669192297.808146, -90.177147, -40.043769, 0.658000
1669192298.804488, -90.844369, -40.739501, 0.718000
1669192299.805632, -91.513772, -41.440376, 0.732000
1669192300.807270, -92.178454, -42.153906, 0.774000
1669192301.806342, -92.713008, -42.840976, 0.838000
1669192302.807928, -93.234607, -43.654953, 0.848000
1669192303.808049, -93.817883, -44.516155, 0.863000
1669192304.804050, -94.351024, -45.331600, 0.853000
1669192305.805401, -94.921327, -46.124592, 0.794000
1669192306.806452, -95.458144, -46.962724, 0.796000
1669192307.803950, -96.047640, -47.784981, 0.725000
1669192308.808384, -96.559327, -48.605414, 0.659000
1669192309.806413, -97.093792, -49.384218, 0.651000
1669192310.808179, -97.613744, -50.171591, 0.664000
1669192311.808104, -98.132979, -51.013719, 0.608000
1669192312.809199, -98.528050, -51.810606, 0.582000
1669192313.808116, -99.023142, -52.684399, 0.552000
1669192314.809881, -99.449657, -53.562684, 0.403000
1669192315.807052, -99.823149, -54.330716, 0.357000
1669192316.807088, -100.135570, -55.096085, 0.359000
1669192317.808955, -100.314725, -55.949897, 0.354000
1669192318.808024, -100.358040, -56.819698, 0.340000
1669192319.808433, -100.239305, -57.659326, 0.347000
1669192320.806252, -99.951859, -58.525857, 0.327000
1669192321.808823, -99.633285, -59.391437, 0.348000
1669192322.809876, -99.271779, -60.239065, 0.338000
1669192323.807605, -98.896166, -61.075095, 0.328000
1669192324.806520, -98.490865, -61.915698, 0.320000
1669192325.806149, -98.059241, -62.765255, 0.313000
1669192326.807865, -97.618536, -63.608492, 0.298000
1669192327.808001, -97.187195, -64.483566, 0.278000
1669192328.808791, -96.779061, -65.315894, 0.302000
1669192329.806795, -96.341474, -66.246003, 0.320000
1669192330.809427, -95.935108, -67.067944, 0.313000
1669192331.808327, -95.509861, -67.949572, 0.319000
1669192332.809760, -95.100992, -68.844424, 0.337000
1669192333.809067, -94.685686, -69.730138, 0.349000
1669192334.806575, -94.282747, -70.639500, 0.330000
1669192335.808268, -93.882605, -71.519778, 0.344000
1669192336.807170, -93.472787, -72.376362, 0.352000
1669192337.807131, -93.084139, -73.246459, 0.337000
1669192338.806672, -92.688281, -74.132397, 0.356000
1669192339.807228, -92.289670, -75.032439, 0.334000
1669192340.807920, -91.882255, -75.924861, 0.332000
1669192341.808371, -91.515303, -76.813084, 0.339000
1669192342.807451, -91.143515, -77.689553, 0.321000
1669192343.807589, -90.761990, -78.609278, 0.325000
1669192344.806394, -90.379933, -79.480002, 0.321000
1669192345.806985, -90.008933, -80.358861, 0.304000
1669192346.804240, -89.594827, -81.209600, 0.289000
1669192347.807153, -89.161333, -82.063626, 0.296000
1669192348.807561, -88.708103, -82.909295, 0.291000
1669192349.808328, -88.263899, -83.766831, 0.277000
1669192350.807246, -87.811148, -84.605464, 0.290000
1669192351.808322, -87.355710, -85.488528, 0.297000
1669192352.804663, -86.919385, -86.360912, 0.304000
1669192353.806342, -86.476201, -87.208074, 0.294000
1669192354.807466, -86.044740, -88.058552, 0.276000
1669192355.807794, -85.612619, -88.940667, 0.284000
1669192356.807889, -85.193232, -89.788720, 0.292000
1669192357.808936, -84.769681, -90.673463, 0.291000
1669192358.808042, -84.352249, -91.566240, 0.276000
1669192359.805739, -83.936327, -92.424592, 0.283000
1669192360.806986, -83.523704, -93.309890, 0.278000
1669192361.804137, -83.124512, -94.184603, 0.291000
1669192362.808123, -82.706985, -95.071833, 0.274000
1669192363.808219, -82.300708, -95.960907, 0.274000
1669192364.808525, -81.905511, -96.841840, 0.276000
1669192365.808530, -81.516371, -97.744865, 0.259000
1669192366.810634, -81.134186, -98.599315, 0.260000
1669192367.807210, -80.747907, -99.503400, 0.263000
1669192368.807990, -80.371865, -100.393811, 0.269000
1669192369.808097, -79.975282, -101.281241, 0.259000
1669192370.806191, -79.566867, -102.141315, 0.251000
1669192371.804980, -79.157348, -103.024525, 0.244000
1669192372.806081, -78.756210, -103.907963, 0.243000
1669192373.808168, -78.365904, -104.777532, 0.241000
1669192374.805888, -77.968234, -105.671453, 0.235000
1669192375.806054, -77.583915, -106.558860, 0.224000
1669192376.804961, -77.186664, -107.451109, 0.228000
1669192377.805661, -76.832691, -108.311000, 0.236000
1669192378.806067, -76.427981, -109.186731, 0.244000
1669192379.804581, -75.998556, -110.051599, 0.237000
1669192380.805390, -75.569159, -110.935701, 0.241000
1669192381.805877, -75.151882, -111.811275, 0.248000
1669192382.806407, -74.727016, -112.662750, 0.230000
1669192383.806077, -74.315313, -113.549511, 0.249000
1669192384.807975, -73.886070, -114.389778, 0.228000
1669192385.805484, -73.492765, -115.303045, 0.238000
1669192386.807626, -73.073584, -116.181055, 0.236000
1669192387.805039, -72.672324, -117.048590, 0.235000
1669192388.804006, -72.263262, -117.932347, 0.236000
1669192389.806860, -71.868714, -118.789965, 0.250000
1669192390.807185, -71.459064, -119.683165, 0.266000
1669192391.806516, -71.049760, -120.543808, 0.247000
1669192392.804991, -70.632800, -121.482257, 0.244000
1669192393.806279, -70.253590, -122.335917, 0.241000
1669192394.804627, -69.863893, -123.223784, 0.239000
1669192395.806710, -69.470078, -124.124668, 0.231000
1669192396.806515, -69.085764, -124.968427, 0.219000
1669192397.810485, -68.627966, -125.783101, 0.255000
1669192398.805623, -68.065243, -126.443460, 0.250000
1669192399.805876, -67.376077, -126.985933, 0.250000
1669192400.805629, -66.594276, -127.375547, 0.272000
1669192401.808007, -65.742044, -127.598609, 0.263000
1669192402.806273, -64.861762, -127.666979, 0.280000
1669192403.803910, -64.009932, -127.578403, 0.275000
1669192404.804372, -63.196279, -127.333086, 0.296000
1669192405.804446, -62.422220, -126.926381, 0.308000
1669192406.804914, -61.724608, -126.379302, 0.270000
1669192407.807772, -61.090895, -125.710556, 0.225000
1669192408.804439, -60.530753, -124.987668, 0.199000
1669192409.804489, -59.916920, -124.203364, 0.121000
1669192410.808369, -59.299329, -123.559127, 0.133000
1669192411.805487, -58.591967, -122.895698, 0.077000
1669192412.805071, -57.909973, -122.299343, 0.079000
1669192413.804444, -57.186565, -121.792279, 0.106000
1669192414.804636, -56.367961, -121.343052, 0.102000
1669192415.802426, -55.572633, -120.978689, 0.127000
1669192416.803353, -54.658068, -120.665728, 0.093000
1669192417.803543, -53.788928, -120.482382, 0.112000
1669192418.803135, -52.829677, -120.436313, 0.156000
1669192419.803246, -51.938231, -120.437181, 0.166000
1669192420.801593, -51.005668, -120.421361, 0.166000
1669192421.802099, -50.074607, -120.308788, 0.166000
1669192422.801203, -49.157455, -120.046175, 0.158000
1669192423.800681, -48.211454, -119.775728, 0.140000
1669192424.803785, -47.278822, -119.570525, 0.086000
1669192425.800935, -46.386639, -119.483741, 0.107000
1669192426.801776, -45.449865, -119.413617, 0.142000
1669192427.803037, -44.480901, -119.297433, 0.159000
1669192428.803171, -43.555538, -119.221013, 0.137000
1669192429.804018, -42.554639, -119.171025, 0.185000
1669192430.802633, -41.606582, -119.123471, 0.153000
1669192431.803666, -40.639488, -119.020571, 0.150000
1669192432.803819, -39.707029, -118.887308, 0.141000
1669192433.803241, -38.788646, -118.737345, 0.149000
1669192434.803782, -37.823638, -118.589838, 0.181000
1669192435.803654, -36.850078, -118.431933, 0.183000
1669192436.802893, -35.840389, -118.286847, 0.158000
1669192437.804705, -35.014270, -118.135506, 0.151000
1669192438.804029, -34.069071, -117.850619, 0.151000
1669192439.803625, -33.189689, -117.548340, 0.155000
1669192440.804745, -32.278219, -117.197225, 0.157000
1669192441.804369, -31.387955, -116.888288, 0.169000
1669192442.802382, -30.417446, -116.548531, 0.151000
1669192443.804278, -29.552474, -116.231582, 0.161000
1669192444.803549, -28.717603, -115.863819, 0.197000
1669192445.803448, -28.010842, -115.394569, 0.192000
1669192446.804324, -27.361680, -114.776017, 0.196000
1669192447.805483, -26.847245, -114.013885, 0.186000
1669192448.802406, -26.403990, -113.224284, 0.185000
1669192449.802208, -26.037445, -112.380489, 0.152000
1669192450.802775, -25.764164, -111.506077, 0.144000
1669192451.801665, -25.425998, -110.518654, 0.101000
1669192452.800997, -25.100870, -109.700419, 0.072000
1669192453.799972, -24.677216, -108.902349, 0.027000
1669192454.803210, -24.151406, -108.166301, 0.038000
1669192455.801114, -23.563842, -107.501949, 0.052000
1669192456.799564, -22.975103, -106.944884, 0.029000
1669192457.799765, -22.365602, -106.389466, 0.026000
1669192458.800836, -21.725926, -105.827531, 0.049000
1669192459.799709, -21.109540, -105.298307, 0.031000
1669192460.799208, -20.504510, -104.750766, 0.017000
1669192461.800001, -19.890510, -104.185806, 0.003000
1669192462.800974, -19.329912, -103.665254, 0.021000
1669192463.800753, -18.677254, -103.113896, 0.090000
1669192464.800353, -17.965466, -102.506761, 0.028000
1669192465.800480, -17.494418, -101.718741, 0.116000
1669192466.799381, -16.957538, -101.106053, 0.010000
1669192467.797466, -16.323792, -100.523304, 0.118000
1669192468.798057, -15.571928, -99.890217, 0.012000
1669192469.795073, -14.814590, -99.225411, -0.133000
1669192470.796591, -14.200182, -98.680433, -0.187000
1669192471.799553, -13.346350, -98.146909, -0.119000
1669192472.797244, -12.248882, -98.117603, 0.113000
1669192473.798295, -11.500325, -97.706208, 0.117000
1669192474.797531, -10.648882, -97.287124, 0.089000
1669192475.796072, -9.796743, -96.826994, 0.124000
1669192476.797764, -8.815634, -96.329286, -0.164000
1669192477.797108, -8.045825, -95.943588, 0.019000
1669192478.792688, -7.157535, -95.618525, 0.064000
1669192479.794546, -6.293346, -95.215192, 0.217000
1669192480.794910, -5.422236, -94.685844, -0.018000
1669192481.793739, -4.585538, -94.368968, -0.063000
1669192482.795891, -3.797754, -93.972848, -0.277000
1669192483.793662, -3.037615, -93.486931, -0.243000
1669192484.793451, -2.148850, -92.913125, -0.197000
1669192485.795686, -1.325692, -92.433084, -0.236000
1669192486.796755, -0.501969, -91.955086, -0.234000
1669192487.796755, 0.319216, -91.485554, -0.372000
1669192488.797594, 1.184572, -90.757292, -0.152000
1669192489.795534, 1.958736, -90.317478, -0.125000
1669192490.795304, 2.698519, -89.797001, -0.174000
1669192491.796941, 3.412680, -89.235031, -0.171000
1669192492.796019, 4.052228, -88.574517, -0.199000
1669192493.796129, 4.575248, -87.888171, -0.195000
1669192494.794942, 5.090877, -87.178951, -0.158000
1669192495.797452, 5.603845, -86.503161, -0.067000
1669192496.799606, 6.243041, -85.801583, -0.062000
1669192497.801631, 6.707892, -85.052479, -0.086000
1669192498.799371, 6.951685, -84.223249, -0.094000
1669192499.801139, 7.158729, -83.311835, -0.129000
1669192500.806242, 7.298277, -82.561659, -0.101000
1669192501.792710, 7.451662, -81.912882, -0.125000
1669192502.797173, 7.590845, -81.254802, -0.095000
1669192503.795200, 7.636557, -80.560739, -0.108000
1669192504.796506, 7.557592, -79.889162, -0.120000
1669192505.794238, 7.309180, -79.260580, -0.094000
1669192506.797277, 6.900291, -78.701778, -0.076000
1669192507.796409, 6.448919, -78.178505, -0.093000
1669192508.796248, 6.051917, -77.659667, -0.098000
1669192509.797402, 5.628129, -77.123915, -0.116000
1669192510.795212, 5.223189, -76.579236, -0.122000
1669192511.796174, 4.843536, -76.016305, -0.134000
1669192512.795124, 4.481797, -75.446650, -0.147000
1669192513.792878, 4.139364, -74.805748, -0.180000
1669192514.795437, 3.732116, -74.079414, -0.193000
1669192515.794249, 3.233466, -73.186190, -0.229000
1669192516.795078, 2.712812, -72.302765, -0.359000
1669192517.795100, 2.184046, -71.483194, -0.489000
1669192518.795102, 1.664703, -70.672475, -0.597000
1669192519.795960, 1.142108, -69.859481, -0.705000
1669192520.796034, 0.612250, -69.024911, -0.824000
1669192521.796016, 0.104343, -68.183685, -0.987000
1669192522.795032, -0.322647, -67.483833, -1.009000
1669192523.793802, -0.795059, -66.675203, -1.003000
1669192524.793722, -1.220237, -65.815404, -1.014000
1669192525.793873, -1.650738, -64.960878, -1.008000
1669192526.793301, -2.057611, -64.071244, -1.071000
1669192527.793540, -2.484785, -63.214555, -1.030000
1669192528.793292, -2.840376, -62.335036, -1.041000
1669192529.795696, -3.224063, -61.427670, -1.080000
1669192530.795023, -3.570632, -60.518898, -1.100000
1669192531.795500, -3.920452, -59.660745, -1.089000
1669192532.794608, -4.341632, -58.803418, -1.085000
1669192533.795530, -4.740332, -57.934636, -1.076000
1669192534.795621, -5.130590, -57.035480, -1.109000
1669192535.794900, -5.559294, -56.154353, -1.112000
1669192536.796440, -5.983765, -55.350049, -1.067000
1669192537.796503, -6.455982, -54.538833, -1.052000
1669192538.796302, -6.985291, -53.751432, -1.062000
1669192539.797270, -7.513560, -52.937972, -1.078000
1669192540.795350, -8.051654, -52.148203, -1.087000
1669192541.793423, -8.548332, -51.306427, -1.101000
1669192542.794412, -9.026481, -50.474581, -1.094000
1669192543.795696, -9.517742, -49.639739, -1.126000
1669192544.796366, -9.998456, -48.818022, -1.086000
1669192545.797279, -10.484808, -47.984743, -1.104000
1669192546.797495, -10.970724, -47.134641, -1.115000
1669192547.796407, -11.459383, -46.287452, -1.103000
1669192548.796365, -11.941918, -45.432044, -1.114000
1669192549.794076, -12.408397, -44.591149, -1.156000
1669192550.793597, -12.902108, -43.750902, -1.117000
1669192551.795215, -13.374826, -42.942821, -1.121000
1669192552.794066, -13.854255, -42.071746, -1.141000
1669192553.798308, -14.328646, -41.238854, -1.158000
1669192554.796942, -14.811932, -40.445389, -1.148000
1669192555.796911, -15.380895, -39.685613, -1.116000
1669192556.795492, -15.961056, -38.906967, -1.106000
1669192557.798992, -16.535802, -38.126563, -1.110000
1669192558.798907, -17.078884, -37.340038, -1.080000
1669192559.797717, -17.525143, -36.524083, -1.096000
1669192560.800820, -18.024987, -35.675039, -1.096000
1669192561.802227, -18.523405, -34.874290, -1.103000
1669192562.803392, -19.028195, -34.061227, -1.110000
1669192563.804134, -19.502655, -33.232403, -1.095000
1669192564.804010, -19.999066, -32.392664, -1.102000
1669192565.803315, -20.488558, -31.550639, -1.102000
1669192566.804086, -20.989320, -30.738198, -1.093000
1669192567.804621, -21.473647, -29.900329, -1.098000
1669192568.802129, -21.968377, -29.076155, -1.106000
1669192569.803928, -22.469063, -28.223952, -1.110000
1669192570.804827, -22.944925, -27.407310, -1.069000
1669192571.805352, -23.446829, -26.582829, -1.059000
1669192572.805843, -23.933051, -25.733276, -1.050000
1669192573.804752, -24.443849, -24.877573, -1.056000
1669192574.807314, -24.929468, -24.071862, -1.036000
1669192575.807389, -25.431973, -23.212231, -1.038000
1669192576.805534, -25.922510, -22.370188, -1.072000
1669192577.803691, -26.421008, -21.538921, -1.053000
1669192578.808480, -26.875841, -20.690639, -1.097000
1669192579.808553, -27.176189, -19.808357, -1.102000
1669192580.808550, -27.541942, -18.919787, -1.120000
1669192581.808538, -27.900921, -18.019866, -1.130000
1669192582.806878, -28.265543, -17.126322, -1.126000
1669192583.805859, -28.620676, -16.228870, -1.121000
1669192584.807726, -28.988778, -15.346549, -1.114000
1669192585.810152, -29.332719, -14.433011, -1.127000
1669192586.806609, -29.691735, -13.526431, -1.120000
1669192587.808897, -30.061663, -12.610604, -1.111000
1669192588.809286, -30.415765, -11.722971, -1.121000
1669192589.809160, -30.744375, -10.831517, -1.130000
1669192590.914122, -31.128270, -9.813178, -1.140000
1669192591.915694, -31.477456, -8.900292, -1.135000
1669192592.913988, -31.810793, -7.987674, -1.141000
1669192593.914059, -32.152073, -7.076031, -1.148000
1669192594.911031, -32.471057, -6.163841, -1.137000
1669192595.913736, -32.812935, -5.278635, -1.117000
1669192596.913889, -33.076598, -4.376444, -1.110000
1669192597.911412, -33.327668, -3.437294, -1.115000
1669192598.912746, -33.571889, -2.499923, -1.133000
1669192599.913190, -33.838394, -1.553668, -1.147000
1669192600.911724, -33.982151, -0.663312, -1.137000
1669192601.908442, -34.069475, 0.238479, -1.135000
1669192602.906925, -34.150701, 1.217659, -1.119000
1669192603.907196, -34.286586, 2.131185, -1.115000
1669192604.909323, -34.398655, 3.055588, -1.105000
1669192605.909002, -34.401021, 3.966297, -1.104000
1669192606.913602, -34.300284, 4.862127, -1.078000
1669192607.908028, -34.131714, 5.797865, -1.083000
1669192608.908822, -33.901173, 6.701112, -1.069000
1669192609.907728, -33.667038, 7.657563, -1.043000
1669192610.907842, -33.459900, 8.574338, -1.024000
1669192611.909708, -33.147132, 9.378356, -0.977000
1669192612.906029, -32.706882, 10.158575, -0.924000
1669192613.908526, -32.182220, 10.783120, -0.844000
1669192614.908444, -31.499716, 11.401476, -0.744000
1669192615.908536, -30.789923, 11.979606, -0.643000
1669192616.906740, -30.032603, 12.546759, -0.568000
1669192617.906862, -29.299239, 13.121346, -0.435000
1669192618.905944, -28.555351, 13.699084, -0.311000
1669192619.910007, -27.835840, 14.294619, -0.189000
1669192620.908317, -27.142715, 14.957182, -0.111000
1669192621.905940, -26.454352, 15.603551, -0.039000
1669192622.907621, -25.743848, 16.144311, 0.004000
1669192623.906504, -24.946523, 16.556728, 0.061000
1669192624.905461, -24.127563, 16.833583, 0.081000
1669192625.907476, -23.248169, 16.952026, 0.121000
1669192626.907233, -22.318090, 16.989900, 0.078000
1669192627.906251, -21.367147, 17.005596, 0.143000
1669192628.909272, -20.439582, 17.098071, 0.162000
1669192629.908165, -19.504712, 17.259776, 0.136000
1669192630.906022, -18.545986, 17.390562, 0.172000
1669192631.907459, -17.581974, 17.541972, 0.164000
1669192632.907151, -16.632160, 17.676422, 0.192000
1669192633.907228, -15.681868, 17.830284, 0.204000
1669192634.907248, -14.724975, 17.941127, 0.281000
1669192635.907335, -13.788459, 18.058788, 0.298000
1669192636.911917, -12.895504, 18.183106, 0.301000
1669192637.908314, -12.041176, 18.261102, 0.321000
1669192638.932742, -11.164763, 18.283056, 0.309000
1669192639.905151, -10.294904, 18.191935, 0.312000
1669192640.927324, -9.405942, 18.062947, 0.314000
1669192641.907232, -8.562740, 17.890347, 0.273000
1669192642.906060, -7.716072, 17.675151, 0.280000
1669192643.908113, -6.848187, 17.458671, 0.268000
1669192644.908008, -6.010641, 17.270077, 0.244000
1669192645.906958, -5.135807, 17.066426, 0.244000
1669192646.907044, -4.213068, 16.829967, 0.238000
1669192647.908183, -3.428473, 16.482294, 0.237000
1669192648.906302, -2.722747, 15.990774, 0.227000
1669192649.909359, -2.102493, 15.380490, 0.244000
1669192650.909335, -1.480001, 14.655131, 0.211000
1669192651.905389, -0.916645, 13.891196, 0.223000
1669192652.921858, -0.338213, 13.107772, 0.216000
1669192653.907351, 0.138789, 12.464405, 0.185000
1669192654.906795, 0.533378, 11.874034, 0.177000
1669192655.904496, 0.861775, 11.278866, 0.179000
1669192656.906525, 1.110801, 10.598489, 0.173000
1669192657.907362, 1.237610, 9.890591, 0.179000
1669192658.907340, 1.300940, 9.179145, 0.160000
1669192659.902189, 1.278650, 8.375568, 0.152000
1669192660.907750, 1.200449, 7.467705, 0.149000
1669192661.903460, 1.150621, 6.539571, 0.140000
1669192662.907345, 1.126968, 5.611364, 0.101000
1669192663.906996, 1.034132, 4.713736, 0.113000
1669192664.908000, 0.835005, 3.916484, 0.088000
1669192665.906107, 0.615398, 3.234614, 0.056000
1669192666.905984, 0.331830, 2.653144, 0.013000
1669192667.905011, 0.037717, 2.067228, 0.014000
1669192668.906913, -0.326746, 1.496006, 0.018000
1669192669.905687, -0.770912, 0.969966, 0.000000
1669192670.906825, -1.252986, 0.528348, -0.003000
1669192671.907360, -1.811097, 0.101149, -0.032000
1669192672.908179, -2.256025, -0.169654, -0.035000
1669192673.906382, -2.264940, -0.166174, -0.042000
1669192674.907678, -2.265014, -0.161734, -0.039000
1669192675.904683, -2.256201, -0.153561, -0.074000
1669192676.907631, -2.250036, -0.151631, -0.090000
1669192677.903386, -2.250185, -0.151629, -0.096000
1669192678.907052, -2.250805, -0.152913, -0.091000
